{"cameraMode":{"drawMode":0,"name":"Shaded","section":"Shading Mode"},"sceneLighting":true,"audioPlay":false,"sceneViewState":{"m_AlwaysRefresh":false,"showFog":true,"showSkybox":true,"showFlares":true,"showImageEffects":true,"showParticleSystems":true,"showVisualEffectGraphs":true,"m_FxEnabled":true},"in2DMode":false,"pivot":{"x":2.6099863052368166,"y":-0.15113353729248048,"z":-6.3007659912109379},"rotation":{"x":-0.2757585346698761,"y":0.5950650572776794,"z":-0.22862178087234498,"w":-0.7195502519607544},"size":5.4135541915893559,"orthographic":true}