{"cameraMode":{"drawMode":0,"name":"Shaded","section":"Shading Mode"},"sceneLighting":false,"audioPlay":false,"sceneViewState":{"m_AlwaysRefresh":false,"showFog":true,"showSkybox":false,"showFlares":true,"showImageEffects":true,"showParticleSystems":true,"showVisualEffectGraphs":true,"m_FxEnabled":true},"in2DMode":false,"pivot":{"x":6.681169033050537,"y":1.9566152095794678,"z":0.330618679523468},"rotation":{"x":0.009776180610060692,"y":-0.9812842011451721,"z":0.05187417194247246,"w":0.18527188897132874},"size":0.6247450113296509,"orthographic":false}