{"cameraMode":{"drawMode":0,"name":"Shaded","section":"Shading Mode"},"sceneLighting":true,"audioPlay":false,"sceneViewState":{"m_AlwaysRefresh":false,"showFog":true,"showSkybox":true,"showFlares":true,"showImageEffects":true,"showParticleSystems":true,"showVisualEffectGraphs":true,"m_FxEnabled":true},"in2DMode":false,"pivot":{"x":23.26854705810547,"y":4.403650283813477,"z":-15.507061004638672},"rotation":{"x":-0.3650931417942047,"y":0.018708549439907075,"z":-0.007338772062212229,"w":-0.9307600259780884},"size":21.609542846679689,"orthographic":false}