{"cameraMode":{"drawMode":0,"name":"Shaded","section":"Shading Mode"},"sceneLighting":false,"audioPlay":false,"sceneViewState":{"m_AlwaysRefresh":false,"showFog":true,"showSkybox":false,"showFlares":true,"showImageEffects":true,"showParticleSystems":true,"showVisualEffectGraphs":true,"m_FxEnabled":true},"in2DMode":false,"pivot":{"x":6.7373504638671879,"y":1.5499999523162842,"z":0.46409034729003909},"rotation":{"x":-0.47102707624435427,"y":-0.03254338353872299,"z":0.017383849248290063,"w":-0.8813621997833252},"size":1.2247449159622193,"orthographic":false}